<?xml version="1.0" encoding="UTF-8"?>
<project-private xmlns="http://www.netbeans.org/ns/project-private/1">
    <editor-bookmarks xmlns="http://www.netbeans.org/ns/editor-bookmarks/2" lastBookmarkId="0"/>
    <open-files xmlns="http://www.netbeans.org/ns/projectui-open-files/2">
        <group>
            <file>file:/D:/Java%20Coding/Audio_Steganography/src/audio_steganography/Encode_Audio.java</file>
            <file>file:/D:/Java%20Coding/Audio_Steganography/src/Coding/HomePage.java</file>
            <file>file:/D:/Java%20Coding/Audio_Steganography/src/Coding/SendEmail.java</file>
        </group>
    </open-files>
</project-private>
